{
  "rmse": 3.9531615706089456,
  "mae": 3.273348227100355,
  "r2": 0.5527733000260264
}